{
    "SH-001": {
        "NAME": "Bridal Rose-Puma",
        "PRICE": "400",
        "IMG": "https://static-01.daraz.pk/p/be07e94a4b32e9854adddb4ea8003280.jpg"
    },
    "SH-002": {
        "NAME": "Running Shoes CHAMP",
        "PRICE": "2000",
        "IMG": "https://static-01.daraz.pk/p/mdc/a0f07cc825acb984633370ce371934bd.jpg"
    },
    "SH-003": {
        "NAME": "Men Casual Shoes",
        "PRICE": "700",
        "IMG": "https://static-01.daraz.pk/p/2ccb6d541685dfc85e0ca04a0e5194c5.png"
    },
    "SH-004": {
        "NAME": "Black Running Shoes For Men",
        "PRICE": "800",
        "IMG": "https://static-01.daraz.pk/p/564d29e3261c6e71c6f1f796f3504af6.jpg"
    },
    "SH-005": {
        "NAME": "Black Swat Leather Shoes for Men",
        "PRICE": "1000",
        "IMG": "https://static-01.daraz.pk/p/229ef7aacd248f68f92ec2111923dfb2.jpg"
    },
    "SH-006": {
        "NAME": "Bridal Rose-Puma ",
        "PRICE": "600",
        "IMG": "https://static-01.daraz.pk/p/be07e94a4b32e9854adddb4ea8003280.jpg"
    },
    "SH-007": {
        "NAME": "Running Shoes",
        "PRICE": "2100",
        "IMG": "https://static-01.daraz.pk/p/mdc/a0f07cc825acb984633370ce371934bd.jpg"
    },
    "SH-008": {
        "NAME": "Men Casual Shoe",
        "PRICE": "600",
        "IMG": "https://static-01.daraz.pk/p/2ccb6d541685dfc85e0ca04a0e5194c5.png"
    },
    "SH-009": {
        "NAME": "Black Swat Leather Shoes for Men",
        "PRICE": "1000",
        "IMG": "https://static-01.daraz.pk/p/229ef7aacd248f68f92ec2111923dfb2.jpg"
    },
    "SH-010": {
        "NAME": "Brdaal Rose-Puma ",
        "PRICE": "600",
        "IMG": "https://static-01.daraz.pk/p/be07e94a4b32e9854adddb4ea8003280.jpg"
    },
    "SH-011": {
        "NAME": "Running Shoes",
        "PRICE": "2200",
        "IMG": "https://static-01.daraz.pk/p/mdc/a0f07cc825acb984633370ce371934bd.jpg"
    },
    "SH-012": {
        "NAME": "Men Casual Shoez",
        "PRICE": "700",
        "IMG": "https://static-01.daraz.pk/p/2ccb6d541685dfc85e0ca04a0e5194c5.png"
    }
}